filename,label
1420.jpg,ঢাকা মেট্রো-ঘ ১৫-৮২১৬
163.jpg,চট্টগ্রাম-থ ১৪-১৯৬৯
57.jpg,ঢাকা মেট্রো-ঘ ১৭-৩৫৯২
731.jpg,মানিকগঞ্জ-হ ১১-০৫৮৬
793.jpg,ঢাকা মেট্রো-গ ২২-২৮২৯
200.jpg,চট্ট মেট্রো - ঠ ১১-০৪৭১
237.jpg,সিরাজগঞ্জ-ল ১১-৫৭৮১
778.jpg,ঢাকা মেট্রো -হ ৪৬-৫২১৫
1426.jpg,ঢাকা মেট্রো-গ ০৪-৫০০৩
454.jpg,নেত্রকোনা- হ ১১-৯৩২৮
675.jpg,ঢাকা মেট্রো-হ ৪১-৪৭৩৭
68.jpg,ঢাকা মেট্রো-ব ১৫-৪৬৬৩
818.jpg,রাজ মেট্রো-ল ১১-৭০২৬
262.jpg,লক্ষীপুর - হ ১২-১৯১৪
1230.jpg,ঢাকা মেট্রো-গ-১১-৩৮৫০
1183.jpg,ঢাকা মেট্রো-ব ১৪-১২৩৩
1156.jpg,টাঙ্গাইল-ব ০২-০০২১
66.jpg,ঢাকা মেট্রো- ঘ ১৫-৭৩৫৮
1135.jpg,ঢাকা মেট্রো - ৮ ০০০৯
905.jpg,ঢাকা মেট্রো-হ ৪১-২৬০৮
266.jpg,ঢাকা মেট্রো-ল ২১-৩৫৪৬
288.jpg,পঞ্চগড়-হ ১১-৯৫৫৭
514.jpg,নওগাঁ ল-১১-২১৭৭
1616.jpg,ঢাকা মেট্রো-গ ২০-৮৯৯০
953.jpg,ঢাকা মেট্রো খ ১২-৪১৭৬
576.jpg,বরগুনা-হ ১১-৯১৪৪
1056.jpg,খুলনা মেট্রো-উ ১১-০৫৮১
527.jpg,ময়মনসিংহ ল ১১-৫৩৯৭
211.jpg,খুলনা মেট্রো-ল ১২-২৯৬০
426.jpg,নোয়াখালী-হ ১২-২১৩৮
1176.jpg,ঢাকা মেট্রো-র ১৫-১৯০৬
354.jpg,গোপালগঞ্জ- হ ১১-৫২৬২
472.jpg,ঢাকা মেট্রো-ভ ১১-১৫৯৬
782.jpg,ঠাকুরগাঁও-ল ১১-৪০৮৩
417.jpg,পটুয়াখালী-ল ১১-১২০৫
164.jpg,চট্টগ্রাম-থ ১২-৩৩৫১
494.jpg,গোপালগঞ্জ-ল ১১-০২১৩
964.jpg,ঢাকা মেট্রো -গ-১১-১১৯৫
902.jpg,কিশোরগঞ্জ-ল ১১-৫০৬১
1150.jpg,দাকা মেট্রো ৮৪-৪৯২১
64.jpg,ঢাকা মেট্রো - শ ১১-৩৬৪১ 
683.jpg,লক্ষ্মীপুর-হ ১২-০৯৭২
1178.jpg,রাজ মেট্রো-ব ১১-০১৮৯
1670.jpg,ঢাকা মেট্রো-গ ২৩-০৮০২
1503.jpg,ঢাকা মেট্রো-গ ২৫-৮৮০০
1171.jpg,ঢাকা-মেট্রো-খ-১১-৭৬৯৬
865.jpg,গাইবান্ধা-ল ১১-৩৪১০
480.jpg,ঢাকা মেট্রো-গ ১৪-৩০৮৭
1628.jpg,তাঙ্গুয়ারঘাট- ই ১২-৪১৭২
545.jpg,সিরাজগঞ্জ-ল ১১-৭৪
383.jpg,বরিশাল - ল ১১-৩৩২৮
345.jpg,খুলনা-হ ১৩-৩৬৭৪
860.jpg,যশোর-হ ১৪-৫০৮২
949.jpg,ঢাকা মেট্রো গ ১৭-১০৫৭
753.jpg,ঢাকা মেট্রো-ম ৫৪-০১৮০
1465.jpg,ডি-১১-০৫০৯
568.jpg,ঢাকা মেট্রো - হ ১৮-৫৩৩৬ 
1351.jpg,যশোর- ই ১৭-৩৭২০
821.jpg,যশোর  হ-১১-১৯৩৬
136.jpg,নারায়ণগঞ্জ-থ ১১-৫৬৩৭
55.jpg,ভোলা-হ ১২-০৫৩২
355.jpg,গোপালগঞ্জ- হ ১১-৫২৬২
1386.jpg,চট্ট মেট্রো-গ ১২-২৯৮২
87.jpg,ঢাকা মেট্রো - ব ১৪-৬৫২৪
271.jpg,ঢাকা মেট্রো-ল ৪৪-৫১৬০
24.jpg,পঞ্চগড়-ল ১১-০২৪৮
1238.jpg,ঢাকা মেট্রো খ ১২-৯১৪৪
571.jpg,ঢাকা মেট্রো-ট ১১-৬৩০৬
1089.jpg,কুষ্টিয়া-৪ ঢ-০০০৮
1194.jpg,ঢাকা মেট্রো-র ১৪-৪৭ ৭৩
415.jpg,বরিশাল - হ ১২-৩৯৪১
694.jpg,নাটোর হ-১১-০৭৮৫
652.jpg,পটুয়াখালী- হ  ১১-৪৭৫০
44.jpg,সিরাজগঞ্জ-হ ১৩-৩৫৪৭
723.jpg,ব্রাক্ষণবাড়িয়া-ল ১১-২০৮১
866.jpg,শরিয়তপুর-ল ১১-৫০৬০
433.jpg,মৌলভী বাজার হ-১১-৭৭৯৬
611.jpg,কক্সবাজার-ল ১১-৭১৬৩
1598.jpg,ঢাকা মেট্রো -৩-৩৯২৭
786.jpg,ঢাকা মেট্রো-গ ২৩-৫৩৫২
1424.jpg,ঢাকা মেট্রো-গ ৩১-০০৬০
889.jpg,নাটোর - হ ১১-৯১১৩
847.jpg,কুমিল্লা-ল ১২-৩৬৪৪
77.jpg,ঢাকা মেট্রো-ব ১৯-০০১০
1632.jpg,ঢাকা মেট্রো -গ ১১-০৮৪৩
1471.jpg,যশোর-হ ১৬-৪৯৫৫
1339.jpg,ঢাকা মেট্রো-গ ২৯-৩৫৯২
1027.jpg,"জামালপুর-হ
১২-৪৬০১"
328.jpg,ঢাকা মেট্রো-ব ১১-৬৬৯৬
1204.jpg,ঢাকা মেট্রো -গ-১১-০৫৯
1107.jpg,১-৫৬৬১
323.jpg,বাগেরহাট-হ ১২-০৩২১
1655.jpg,রাজবাড়ী-হ ১১-৮৮২০
950.jpg,রাঙ্গামাটি-ল ১১-০৭৬৩
1287.jpg,ঢাকা মেট্রো-গ ৩৯-৩৭০২
1259.jpg,ঢাকা মেট্রো-গ ৪৫-৬৮৪৬
744.jpg,নড়াইল-ল ১১-০৫৪২ 
938.jpg,মৌলভীবাজার - হ ১১-৭৪০০
1053.jpg,নওয়াবগঞ্জ-হ ১৩-২২৯৩
1075.jpg,ঢাকা মেট্রো-গ ৩৪-৯৬৭৮
171.jpg,চট্ট মেট্রো প-১২২৯
842.jpg,ঢাকা মেট্রো ১২-০৮২৬
671.jpg,চট্ট মেট্রো-অ ১১-০২৩২
944.jpg,যশোর ঢ ১১-৪১২৬
1531.jpg,চুয়াডাঙ্গা ১১-০২২৭
820.jpg,ঢাকা মেট্রো - গ ২৯-৮২৮৪
1191.jpg,ঢাকা মেট্রো-র ২৮-৩৯৬৭
1557.jpg,ঢাকা মেট্রো-ভ ১১-১৩৪৫৯
1428.jpg,ঢাকা মেট্রো-ব ১৮-৬৪৫৯
1584.jpg,ঢাকা মেট্রো-গ ১৭-৬২৮৯
189.jpg,চট্ট মেট্রো-ল ১৬-৪২৩১
765.jpg,ঢাকা মেট্রো - গ ১৭-২০৯৬
833.jpg,ঢাকা মেট্রো -ছ ৭১-২৮৬৬
1645.jpg,রাঙ্গামাতি-ল ১১-০৫৮৩
209.jpg,চট্ট মেট্রো-গ ১৩-৯৩৩২
705.jpg,ঢাকা মেট্রো-ল ৪৪-৬৪৪৮
586.jpg,ঢাকা মেট্রো-ল ২১-৯৮১৮
1262.jpg,ঢাকা মেট্রো-ক ১১-৪৫৩৩
745.jpg,ঢাকা মেট্রো-ভ ১১-১৪২৩
440.jpg,ঢাকা মেট্রো -ব ১১-৬৩৬০
368.jpg,চট্ট মেট্রো-ন ১১-০৪৪৯
1656.jpg,ঢাকা মেট্রো - ২০-০২২২
807.jpg,কুড়িগ্রাম-হ ১৩-৬৭৭৭
1345.jpg,সিলেট-গু ১২-৯৫৬৮
1621.jpg,ঢাকা মেট্রো য ১২-০৫১৯৩
549.jpg,সাতক্ষীরা-ল ১২-৫৪১৮
1387.jpg,নিজস্ব-৩ ১৮-৬২৯২
536.jpg,গোপালগঞ্জ-হ ১১-৩৬৩৭
620.jpg,হবিগঞ্জ-হ ১১-৪১০৭
1658.jpg,ঢাকা মেট্রো-জ ১৮-০১১৫
50.jpg,ঢাকা মেট্রো-গ ৩৯-২৯৯৯
1627.jpg,ময়মনসিংহ-ই ১৪-৩৩০৮
412.jpg,রংপুর-হ ১৪-৪৯২৪
1008.jpg,ঢাকা মেট্রো গ ১৭-৬২৯৯
917.jpg,রাজ মেট্রো-চ ৫১-০০০৫৬
1675.jpg,ঢয়াডাঙ্গাট ১১-০২১৪
252.jpg,খুলনা মেট্রো হ-১১-১৯২৮
1508.jpg,ঢাকা মেট্রো-গ ৩৯-১৭৮৬
1374.jpg,ঢাকা-মেট্রো-গ-১১-০০
1321.jpg,ঢাকা মেট্রো-গ ২২-৪৮০৯
591.jpg,ঢাকা মেট্রো -ঘ ১১-২৮১৭
839.jpg,ঢাকা মেট্রো-গ ২১-১০৭৬
178.jpg,চট্ট মেট্রো-প ০৫-০২৮৩
819.jpg,খুলনা- ল ১১-৮০৭৯
1668.jpg,নওয়াবগঞ্জ-হ ১৪-৮৯৯৮
533.jpg,নওগাঁ-ল ১১-৬০০৩
434.jpg,ভোলা-ল ১১-১৩৭০
843.jpg,রাজ মেট্রো-চ ১১-০০১৪
742.jpg,ঢাকা মেট্রো-ট ১৫-১৪১৬
82.jpg,ঢাকা মেট্রো গ ২৫-২০৩২
1395.jpg,রাজবাড়ী ল-১১-৩৮৬৫
1352.jpg,সুনামগঞ্জ-হ ১১-৪২৫৬
1337.jpg,ঢাকা মেট্রো-খ-১১-২৬৩৪
577.jpg,কক্সবাজার - ল
1613.jpg,ঢাকা মেট্রো - ১১ ৩৪১১
592.jpg,গাইবান্ধা-ল ১১-০৯০৭
1300.jpg,ঢাকা মেট্রো-গ ২০-১১৫৮
589.jpg,পটুয়াখালী - ল ১১-০৬১৪ 
16.jpg,ঢাকা মেট্রো - গ  ৩৪-৮৫৪০ 
30.jpg,লক্ষ্মীপুর-ল ১১-৩০৯৪
70.jpg,হবিগঞ্জ-ল ১১-১২৭৭
1282.jpg,"ঢাকা মেট্রো-গ-১১-৯৮-০
৮-৯৪০"
974.jpg,ঢাকা মেট্রো-ভ ১১-১৯৮১
931.jpg,রাজশাহী-হ ১৮-৩৫৫৯
1103.jpg,ঢাকা মেট্রো ব ১৫-৭৮৩৮
311.jpg,রাজ মেট্রো - ব ১১-০১০৮
71.jpg,ঢাকা মেট্রো-গ ২৫-০৯০৯
299.jpg,খাগড়াছড়ি - হ ১১-৩৭৭৫
1106.jpg,তাকা মেট্রো-ব ১১-৬৪৮৩
60.jpg,ঢাকা মেট্রো গ ৩১-২৮২২
808.jpg,রংপুর-ল ১১-৪৭৪১ 
915.jpg,নরসিংদী-হ ১১-৫১৪৩
1097.jpg,রাজশাহী-ব ০৫-০০০৮
1315.jpg,ঢাকা মেট্রো-চ ১১-৮১৪৪
1023.jpg,ঢাকা মেট্রো-গ ১৮-৫০৩১
213.jpg,খুলনা মেট্রো-ন ১১-১৭৩০
630.jpg,গোপালগঞ্জ-ল ১১-৩৪৭১ 
922.jpg,ঢাকা মেট্রো-ল ৩৯-৪৪৮৮
1463.jpg,কুড়িগ্রাম ল-১১-০৮০৯
1518.jpg,চট্ট মেট্রো-গ ১৩-২২৭৮
1464.jpg,ঢাকা মেট্রো-গ ৩৯-০৯৫৮
635.jpg,কিশোরগঞ্জ-হ ১১-৫৮৭৩
558.jpg,লক্ষ্মীপুর-ল ১১-৩৭৩৪
1441.jpg,পটুয়াখালী-ল ১১-১০৬০
1212.jpg,ঢাকা মেট্রো-চ ৪১-০৯৮০
899.jpg,বরিশাল মেট্রো ল-১১-০৭৯১
1375.jpg,বরিশাল হ-১১-০৮৯৩
31.jpg,নোয়াখালী - হ  ১২-২৬৫৭
942.jpg,মানিকগঞ্জ-হ ১২-৫৪৪৩
276.jpg,হবিগঞ্জ - হ ১১-৩৩২৩
359.jpg,রাজ মেট্রো- হ ১২-৩৪৯৭
712.jpg,সিরাজগঞ্জ-ল ১১-৬১৬১
941.jpg,ঢাকা মেট্রো - বা ১১-০৯৭৬
1088.jpg,ঢাকা মেট্রো-ব ১৫-৮০০০
880.jpg,টাংগাইল-ল ১২-৪৭২৮
248.jpg,ঢাকা মেট্রো-চ ১১-২৭২৯
1197.jpg,ঢাকা মেট্রো-ব ১৪-৫০২২
1050.jpg,রাজ মেট্রো-গ ১১-০৩০৮
1207.jpg,ঢাকা মেট্রো -এ ৮৭ ০০০
932.jpg,কুড়িগ্রাম-হ ২-০০০০০
1564.jpg,বুঝ কর্তৃপক্ষ ১২-৪৬১৯
678.jpg,ঢাকা মেট্রো-ড ১১-৩৯৮০
186.jpg,চট্টগ্রাম - ব ১৪-১১১৩ 
1663.jpg,রাজশাহী-ব ১১-১৯৬৩
240.jpg,রাজ মেট্রো ঢ-০৮-০০০২
1657.jpg,জামালপুর-হ ১২-৯৮৮৯
352.jpg,চুয়াডাংগা-ল ১১-৪৬৪৯
1132.jpg,ঢাকা মেট্রো-ব ১৪-৫৫৫১
1666.jpg,ঢাকা মেট্রো-গ ৩৩-৭৩৮২
293.jpg,ঢাকা মেট্রো-হ ৪৩-৬১৪৯
561.jpg,হবিগঞ্জ-ল
651.jpg,মানিকগঞ্জ-ল ১১-১৩৭৫
1543.jpg,পাবনা-ব ১১-০১৮৪
1363.jpg,কুড়িগ্রাম-ই
1297.jpg,ঢাকা মেট্রো-ট ১৮-৩৮৯৫
947.jpg,রাজ মেট্রো-ম ৩২-২০২০
382.jpg,ঢাকা মেট্রো -শ-১৪-০২১২
1245.jpg,ঢাকা  ৫৮৮/চে
219.jpg,টাংগাইল-হ ১৫-১০৮৮
665.jpg,কক্সবাজার-ল ১১-৫০৮১ 
837.jpg,নওয়াবগঞ্জ-ল ১১-২৬৫০
1356.jpg,বগুড়া-ল ১২-৬০১৬
427.jpg,পাবনা - অ  ১১-৩৯০১
491.jpg,ঢাকা মেট্রো-ব-১১-৫৯০১ 
1389.jpg,সুনামগঞ্জ-ল ১১-০৭৪২
125.jpg,নারায়ণগঞ্জ-থ ১১-০১০১
1526.jpg,ঢাকা মেট্রো-ল ৩৮-৭১৩৬
1002.jpg,চট্টমেট্রো-ল ১৩-৪৮৩৬
608.jpg,জামালপুর ল-১১-৪০৬৩
1062.jpg,রাজ মেট্রো-ল ১২-৮৯৯০
1108.jpg,ঢাকা মেট্রো ব ১৪-২৭৬০
416.jpg,সিরাজগঞ্জ-হ ১১-৭৬৯৪
33.jpg,সিলেট-ল ১১-৪৮৭২
562.jpg,ময়মনসিংহ- হ ১৪-২৯৯৭
465.jpg,রাজ মেট্রো-এ ১১-০৫৮৪
600.jpg,ঠাকুরগাঁও - হ ১২-৬২৮৪
702.jpg,নোয়াখালী - হ ১১-৫৭০৭
655.jpg,শেরপুর-ল ১১-২৫৫৪
290.jpg,ভোলা হ-১২-০৭৫৪
395.jpg,চট্ট মেট্রো - অ ১১-০৪১৮ 
531.jpg,বরগুনা হ-১১-৪৫০১
1615.jpg,পাবনা-ল ১১-২৮১৯
1566.jpg,ঢাকা মেট্রো-গ ১১-১৬৪৮
1226.jpg,রংপুর-হ ১৪-৮৬০১
1556.jpg,ঝিনাইদহ-হ ১২-৮৯৮৬
775.jpg,খুলনা মেট্রো-ল ১২-৭২৪৯
221.jpg,চট্ট মেট্রো-গ ১৩-২১০৭
1665.jpg,ঢাকা মেট্রো-গ ৩৩-৭০৮২
1169.jpg,ঢাকা মেট্রো-ব ১৪-৫৯২২
1407.jpg,চট্টগ্রাম-ত ১১ ০০৩৬
1177.jpg,রাজ মেট্রো ব ১৯-০১৯৭
756.jpg,রাজ মেট্রো-ল ১১-৬৬৫৬
